,,,,,,,,,,,,
Q4:Monthly Sales Trend,,,,Q5: Grow Analysis,,,,Q6: Seasonal Pattern,,,,
Month,Total_Revenue,,,Month,Revenue_trend,,,Revenue_trend,Column Labels,,,
Jan,"? 26,32,246",,,Jan,"? 26,32,246",,,Month,2022,2023,2024,Grand Total
Feb,"? 26,20,346",,,Feb,"? 26,20,346",,,Jan,"? 8,45,258","? 8,99,780","? 8,87,208","? 26,32,246"
Mar,"? 25,46,583",,,Mar,"? 25,46,583",,,Feb,"? 9,49,072","? 7,85,761","? 8,85,513","? 26,20,346"
Apr,"? 26,75,057",,,Apr,"? 26,75,057",,,Mar,"? 8,08,873","? 9,65,440","? 7,72,270","? 25,46,583"
May,"? 27,33,440",,,May,"? 27,33,440",,,Apr,"? 9,58,584","? 8,94,360","? 8,22,113","? 26,75,057"
Jun,"? 24,95,647",,,Jun,"? 24,95,647",,,May,"? 8,60,864","? 8,84,501","? 9,88,075","? 27,33,440"
Jul,"? 28,29,398",,,Jul,"? 28,29,398",,,Jun,"? 7,57,350","? 8,79,812","? 8,58,485","? 24,95,647"
Aug,"? 26,02,855",,,Aug,"? 26,02,855",,,Jul,"? 9,37,330","? 9,76,166","? 9,15,902","? 28,29,398"
Sep,"? 24,73,667",,,Sep,"? 24,73,667",,,Aug,"? 8,68,501","? 8,54,933","? 8,79,421","? 26,02,855"
Oct,"? 27,62,590",,,Oct,"? 27,62,590",,,Sep,"? 8,51,248","? 8,04,949","? 8,17,470","? 24,73,667"
Nov,"? 24,69,553",,,Nov,"? 24,69,553",,,Oct,"? 9,09,742","? 9,04,556","? 9,48,292","? 27,62,590"
Dec,"? 26,70,401",,,Dec,"? 26,70,401",,,Nov,"? 8,57,568","? 8,26,619","? 7,85,366","? 24,69,553"
Grand Total,"? 3,15,11,783",,,Grand Total,"? 3,15,11,783",,,Dec,"? 8,51,287","? 10,16,434","? 8,02,680","? 26,70,401"
,,,,,,,,Grand Total,"? 1,04,55,677","? 1,06,93,311","? 1,03,62,795","? 3,15,11,783"
